Workbook

Sheet Findings Criteria
A1: Rating criteria
B5: Rating criteria
B6: Finding | C6: Meaning
B7: Comply | C7: The requirement is implemented and working
B8: Partially implemented | C8: Some implementation exists, but it is incomplete
B9: Not implemented | C9: No implementation of the requirement
B12: Rating criteria in detail
B13: Finding | C13: Meaning | D13: Description
B14: Comply | C14: The requirement is implemented and working | D14: Objective evidence shows the requirement is implemented and operating,
D15: including documented information where the standard requires it.
B16: Partially implemented | C16: Some implementation exists, but it is incomplete | D16: Practice exists, but documented information the standard requires is missing, or
D17: documented information exists, but evidence shows it is not consistently applied, or
D18: only part of the requirement is addressed.
B19: Not implemented | C19: No implementation of the requirement | D19: There is no objective evidence that the requirement is implemented.
D20: A document alone, with no evidence of practice, is rated Partially implemented, never Comply.
B23: Notes
B24: Use these ratings for every question. "OFI" (opportunity for improvement) keeps its audit meaning and is not a gap-analysis rating.
B25: A gap-analysis finding is a gap, not a nonconformity: before implementation there is no ISMS that can fail to conform.
B26: Actions that close gaps are remedial actions. Corrective action (ISO/IEC 27001 10.2) applies to nonconformities in an operating ISMS.
B27: The plan and progress sheets use FILTER, XLOOKUP and TEXTBEFORE: Excel 2021 or Microsoft 365 is required.
B28: The Transition sheet is historical and not used in this workflow.

Sheet Gap Analysis Checklist
A1: MSM Gap Analysis Tool v2.0 · ISO/IEC 27001:2022 ISMS gap analysis checklist
A3: Ref. | B3: Clause No. | C3: Main Clauses | D3: ISO/IEC 27001:2022 questions | E3: Finding | F3: Objective evidence (Comply) | G3: High Level Cause | H3: Main root cause (Partially implemented) | I3: Proposed remedial action (Partially implemented) | J3: Main root cause (Not implemented) | K3: Proposed remedial action (Not implemented)
A4: 1 | B4: 4 | C4: 4. Context of the organization | D4: Context of the Organization
A5: 2 | B5: 4.1 | C5: 4. Context of the organization | D5: Understanding the organization and its context
A6: 3 | B6: Q1-4.1 | C6: 4. Context of the organization | D6: Has the organization identified external and internal issues that are relevant to its purpose and that affect its ability to achieve the intended outcomes of the ISMS?
A7: 4 | B7: Q2-4.1 (Amd 1) | C7: 4. Context of the organization | D7: Has the organization determined whether climate change is a relevant issue?
A8: 5 | B8: 4.2 | C8: 4. Context of the organization | D8: Understanding needs and expectations of interested parties
A9: 6 | B9: Q3-4.2 | C9: 4. Context of the organization | D9: Has the organization determined the interested parties (e.g., customers, regulators, partners) that are relevant to the ISMS, and the requirements of these parties (including legal, regulatory, and contractual requirements) with respect to information security?
A10: 7 | B10: Q4-4.2 (Amd 1) | C10: 4. Context of the organization | D10: Has the organization determined the existence of applicable requirements related to climate change from relevant interested parties?
A11: 8 | B11: 4.3 | C11: 4. Context of the organization | D11: Determining the scope of the information security management system
A12: 9 | B12: Q5-4.3 | C12: 4. Context of the organization | D12: Has the organization determined the Scope of the ISMS?
A13: 10 | B13: Q6-4.3.a | C13: 4. Context of the organization | D13: When defining the scope of the ISMS, has the organization considered the external and internal issues identified in 4.1?
A14: 11 | B14: Q7-4.3.b | C14: 4. Context of the organization | D14: When defining the ISMS scope, has the organization taken into account the information security requirements of interested parties identified in 4.2?
A15: 12 | B15: Q8-4.3.c | C15: 4. Context of the organization | D15: Has the organization considered interfaces and dependencies between in-scope activities and those performed by other parties when establishing the ISMS scope?
A16: 13 | B16: Q9-4.3 | C16: 4. Context of the organization | D16: Is the scope of the ISMS defined and available as documented information (including the boundaries and applicability of the ISMS)?
A17: 14 | B17: 4.4 | C17: 4. Context of the organization | D17: Information security management system
A18: 15 | B18: Q10-4.4 | C18: 4. Context of the organization | D18: Has the organization established, implemented, maintains, and continually improves an ISMS (including all necessary processes and their interactions) in accordance with ISO 27001 requirements?
A19: 16 | B19: 5 | C19: 5. Leadership | D19: Leadership
A20: 17 | B20: 5.1 | C20: 5. Leadership | D20: Leadership and commitment
A21: 18 | B21: Q11-5.1.a | C21: 5. Leadership | D21: Has top management ensured that the information security policy and objectives are established and are compatible with the organization’s strategic direction?
A22: 19 | B22: Q12-5.1.b | C22: 5. Leadership | D22: Has top management ensured the integration of ISMS requirements into the organization’s business processes?
A23: 20 | B23: Q13-5.1.c | C23: 5. Leadership | D23: Has top management ensured that the resources needed for the ISMS are available?
A24: 21 | B24: Q14-5.1.d | C24: 5. Leadership | D24: Has top management communicated the importance of effective information security management and of conforming to ISMS requirements?
A25: 22 | B25: Q15-5.1.e | C25: 5. Leadership | D25: Has top management ensured that the ISMS achieves its intended outcomes (i.e., information security objectives and risk mitigation)?
A26: 23 | B26: Q16-5.1.f | C26: 5. Leadership | D26: Is top management directing and supporting persons to contribute to the effectiveness of the ISMS?
A27: 24 | B27: Q17-5.1.g | C27: 5. Leadership | D27: Is top management promoting continual improvement of the ISMS?
A28: 25 | B28: Q18-5.1.h | C28: 5. Leadership | D28: Is top management supporting other relevant managers to demonstrate leadership in information security within their areas of responsibility?
A29: 26 | B29: 5.2 | C29: 5. Leadership | D29: Policy
A30: 27 | B30: Q19-5.2.a | C30: 5. Leadership | D30: Has top management established an information security policy that is appropriate to the purpose of the organization (i.e., aligned with the organization’s purpose, context, and goals)?
A31: 28 | B31: Q20-5.2.b | C31: 5. Leadership | D31: Does the information security policy include information security objectives or provide a framework for setting such objectives?
A32: 29 | B32: Q21-5.2.c | C32: 5. Leadership | D32: Does the policy include a commitment to satisfy applicable information security requirements (e.g. legal, regulatory, contractual and other requirements)?
A33: 30 | B33: Q22-5.2.d | C33: 5. Leadership | D33: Does the information security policy include a commitment to continual improvement of the ISMS?
A34: 31 | B34: Q23-5.2.e | C34: 5. Leadership | D34: Is the information security policy available as documented information (i.e., documented, approved, and kept on record)?
A35: 32 | B35: Q24-5.2.f | C35: 5. Leadership | D35: Is the information security policy communicated within the organization to all relevant employees and stakeholders?
A36: 33 | B36: Q25-5.2.g | C36: 5. Leadership | D36: Is the information security policy available to interested parties, as appropriate (e.g., published for customers or regulators, if required)?
A37: 34 | B37: 5.3 | C37: 5. Leadership | D37: Organizational roles, responsibilities and authorities
A38: 35 | B38: Q26-5.3 | C38: 5. Leadership | D38: Are the information security roles, responsibilities, and authorities for relevant roles clearly assigned and communicated within the organization?
A39: 36 | B39: Q27-5.3.a | C39: 5. Leadership | D39: Has top management assigned responsibility and authority for ensuring that the ISMS conforms to ISO 27001 requirements?
A40: 37 | B40: Q28-5.3.b | C40: 5. Leadership | D40: Has top management assigned responsibility and authority for reporting on the performance of the ISMS to top management?
A41: 38 | B41: 6 | C41: 6. Planning | D41: Planning
A42: 39 | B42: 6.1 | C42: 6. Planning | D42: Actions to address risks and opportunities
A43: 40 | B43: Q29-6.1.1.a | C43: 6. Planning | D43: Has the organization determined the risks and opportunities that need to be addressed to ensure the ISMS can achieve its intended outcomes?
A44: 41 | B44: Q30-6.1.1.b | C44: 6. Planning | D44: Has the organization determined the risks and opportunities that need to be addressed to prevent or reduce undesired effects in the ISMS?
A45: 42 | B45: Q31-6.1.1.c | C45: 6. Planning | D45: Has the organization identified risks and opportunities to be addressed in order to achieve continual improvement of the ISMS?
A46: 43 | B46: Q32-6.1.1.d | C46: 6. Planning | D46: Has the organization planned actions to address the identified information security risks and opportunities?
A47: 44 | B47: Q33-6.1.1.e1 | C47: 6. Planning | D47: Has the organization planned how to integrate and implement these actions into its ISMS processes?
A48: 45 | B48: Q34-6.1.1.e2 | C48: 6. Planning | D48: Has the organization planned how it will evaluate the effectiveness of these actions addressing risks and opportunities?
A49: 46 | B49: Q35-6.1.2.a | C49: 6. Planning | D49: Has the organization defined and applied an information security risk assessment process that establishes and maintains risk criteria (including risk acceptance criteria and criteria for performing risk assessments)?
A50: 47 | B50: Q36-6.1.2.b | C50: 6. Planning | D50: Does the risk assessment process ensure that repeated information security risk assessments produce consistent, valid, and comparable results?
A51: 48 | B51: Q37-6.1.2.c | C51: 6. Planning | D51: Does the organization apply the risk assessment process to identify information security risks within the ISMS scope, including risks associated with loss of confidentiality, integrity, and availability of information, and identify risk owners for those risks?
A52: 49 | B52: Q38-6.1.2.d | C52: 6. Planning | D52: Are the identified information security risks analyzed, including assessment of potential consequences (impact) if the risks materialize, and the realistic likelihood of occurrence, in order to determine risk levels?
A53: 50 | B53: Q39-6.1.2.e | C53: 6. Planning | D53: Are the information security risks evaluated by comparing the analyzed risk levels against the established risk criteria, and are the risks prioritized for treatment?
A54: 51 | B54: Q40-6.1.2 | C54: 6. Planning | D54: Does the organization retain documented information on the information security risk assessment process and results?
... A61: 58 | B61: Q47-6.1.3 | C61: 6. Planning | D61: Does the organization retain documented information about the risk treatment process (e.g., records of risk treatment decisions, the SoA, risk treatment plans)?
A62: 59 | B62: 6.2 | C62: 6. Planning | D62: Information security objectives and planning to achieve them
A63: 60 | B63: Q48-6.2.a | C63: 6. Planning | D63: Has the organization established information security objectives at relevant functions and levels, and are these objectives consistent with the information security policy?
A64: 61 | B64: Q49-6.2.b | C64: 6. Planning | D64: Are the information security objectives measurable (if practicable) and defined in such a way that progress can be assessed?
A65: 62 | B65: Q50-6.2.c | C65: 6. Planning | D65: Do the information security objectives take into account applicable information security requirements and the results of risk assessment and risk treatment?
A66: 63 | B66: Q51-6.2.d | C66: 6. Planning | D66: Are the information security objectives monitored (i.e., does the organization measure progress towards these objectives)?
A67: 64 | B67: Q52-6.2.e | C67: 6. Planning | D67: Are the information security objectives communicated to relevant personnel within the organization?
A68: 65 | B68: Q53-6.2.f | C68: 6. Planning | D68: Are the information security objectives reviewed and updated as appropriate (e.g., when significant changes occur or during management reviews) to ensure they remain relevant?
A69: 66 | B69: Q54-6.2 | C69: 6. Planning | D69: Has the organization planned how to achieve its information security objectives, including determining what will be done, what resources are required, who will be responsible, when the objectives will be achieved, and how the results will be evaluated?
A70: 67 | B70: 6.3 | C70: 6. Planning | D70: Planning of changes
A71: 68 | B71: Q55-6.3 | C71: 6. Planning | D71: Are changes to the ISMS carried out in a planned manner (i.e., is there a defined process to plan and control changes to the ISMS)?intelliant.de
A72: 69 | B72: 7 | C72: 7. Support | D72: Support
A73: 70 | B73: 7.1 | C73: 7. Support | D73: Resources
A74: 71 | B74: Q56-7.1 | C74: 7. Support | D74: Has the organization determined and provided the necessary resources for establishing, implementing, maintaining, and continually improving the ISMS?
A75: 72 | B75: 7.2 | C75: 7. Support | D75: Competence
A76: 73 | B76: Q57-7.2.a | C76: 7. Support | D76: Has the organization determined the competence requirements for personnel whose work affects the ISMS (including skills, training, and experience needed)?
A77: 74 | B77: Q58-7.2.b | C77: 7. Support | D77: Has the organization ensured that these persons are competent (e.g., through appropriate education, training, or experience), and where gaps are identified, taken actions to acquire the necessary competence?
A78: 75 | B78: Q59-7.2.c | C78: 7. Support | D78: Does the organization evaluate the effectiveness of actions taken to acquire competence (if any) and retain documented information as evidence of competencies (e.g., training records, certifications)?
A79: 76 | B79: 7.3 | C79: 7. Support | D79: Awareness
A80: 77 | B80: Q60-7.3.a | C80: 7. Support | D80: Are persons doing work under the organization’s control aware of the information security policy?
A81: 78 | B81: Q61-7.3.b | C81: 7. Support | D81: Are persons under the organization’s control aware of their contribution to the effectiveness of the ISMS, including the benefits of improved information security performance?
A82: 79 | B82: Q62-7.3.c | C82: 7. Support | D82: Are these persons aware of the implications of not conforming to the ISMS requirements (e.g., potential security breaches, penalties, or other consequences)?
A83: 80 | B83: 7.4 | C83: 7. Support | D83: Communication
A84: 81 | B84: Q63-7.4.a | C84: 7. Support | D84: Has the organization determined what it will communicate internally and externally that is relevant to the ISMS (the content of communications)?
A85: 82 | B85: Q64-7.4.b | C85: 7. Support | D85: Has the organization determined when to communicate (the appropriate timing/frequency of ISMS-related communications)?
A86: 83 | B86: Q65-7.4.c | C86: 7. Support | D86: Has the organization determined with whom to communicate (the target audiences for information security communications, both internal and external)?
A87: 84 | B87: Q66-7.4.d | C87: 7. Support | D87: Has the organization determined how to communicate (including the methods, channels or processes by which ISMS information will be communicated)?
A88: 85 | B88: 7.5 | C88: 7. Support | D88: Documented information
A89: 86 | B89: Q67-7.5.1 | C89: 7. Support | D89: Does the ISMS include all documented information required by ISO 27001:2022, as well as any additional documented information the organization deems necessary for the effectiveness of the ISMS?
A90: 87 | B90: Q68-7.5.2.a | C90: 7. Support | D90: When creating and updating documented information, does the organization ensure appropriate identification and description (e.g., title, date, author, reference number) of documents?
A91: 88 | B91: Q69-7.5.2.b | C91: 7. Support | D91: When creating/updating documented information, does the organization ensure the appropriate format (e.g., language, software version, graphics) and media (paper/electronic) are used?
A92: 89 | B92: Q70-7.5.2.c | C92: 7. Support | D92: Does the organization review and approve documented information for adequacy and suitability before use (i.e., ensure documents are reviewed and approved)?
A93: 90 | B93: Q71-7.5.3.a | C93: 7. Support | D93: Are documented information required by the ISMS controlled to ensure it is available and suitable for use where and when it is needed?
A94: 91 | B94: Q72-7.5.3.b | C94: 7. Support | D94: Are documented information controlled to ensure it is adequately protected (e.g., from loss of confidentiality, improper use, or loss of integrity)?
A95: 92 | B95: Q73-7.5.3.c | C95: 7. Support | D95: Has the organization addressed controls for distribution, access, retrieval, and use of documented information (to ensure only authorized persons can obtain and modify them)?
A96: 93 | B96: Q74-7.5.3.d | C96: 7. Support | D96: Has the organization addressed the storage and preservation of documented information (including maintaining legibility and protection over time)?
A97: 94 | B97: Q75-7.5.3.e | C97: 7. Support | D97: Has the organization controlled changes of documented information (e.g., version control procedures for updating documents)?
A98: 95 | B98: Q76-7.5.3.f | C98: 7. Support | D98: Has the organization defined and implemented controls for retention and disposition of documented information (how long records are kept and how they are disposed)?
A99: 96 | B99: Q77-7.5.3 | C99: 7. Support | D99: Are documented information of external origin, determined to be necessary for the planning and operation of the ISMS (e.g., documents from vendors or regulators), identified and controlled appropriately?
A100: 97 | B100: 8 | C100: 8. Operation | D100: Operation
A101: 98 | B101: 8.1 | C101: 8. Operation | D101: Operational planning and control
A102: 99 | B102: Q78-8.1.a | C102: 8. Operation | D102: Has the organization planned, implemented, and controlled the processes needed to meet ISMS requirements and implement the actions from Clause 6? Specifically, have criteria been established for these information security processes?
A103: 100 | B103: Q79-8.1.b | C103: 8. Operation | D103: Are the information security processes being implemented and controlled in accordance with the established criteria (i.e., processes are performed as planned)?
A104: 101 | B104: Q80-8.1.c | C104: 8. Operation | D104: Is documented information available to confirm that the processes have been carried out as planned (records of operational activities)?
A105: 102 | B105: Q81-8.1.d | C105: 8. Operation | D105: Are changes to ISMS processes carried out in a planned manner and controlled? And are any unintended changes reviewed with actions taken to mitigate adverse effects, if applicable?
A106: 103 | B106: Q82-8.1.e | C106: 8. Operation | D106: If any ISMS processes are outsourced, does the organization ensure that they are controlled (i.e., requirements for outsourced processes are defined and monitored)?
A107: 104 | B107: 8.2 | C107: 8. Operation | D107: Information security risk assessment.
...

Sheet Gap Analysis Impl. plan
C1: ISO 27001:2022 ISMS- Gap Analysis Implementation Plan
A3: Ref. | B3: Clause No. | C3: Main Clauses | D3: Description of Gap Identified | E3: Rating | F3: Proposed remedial action (Partially implemented or Not implemented) | G3: Responsibilities & Resources | H3: Deliverables & Outputs | I3: Planned Start Date | J3: Planned Finish Date | K3: Activity Progress % | L3: Status | M3: Comments
A4: 1 | B4: {=_xlfn._xlws.FILTER('Gap Analysis Checklist'!B4:C1864,'Gap Analysis Checklist'!B4:B1864<>"")} | C4: 4. Context of the organization | D4: {=_xlfn._xlws.FILTER(IF('Gap Analysis Checklist'!$E$4:$E$1864='Findings Criteria'!$B$8,'Gap Analysis Checklist'!$H$4:$H$1864&"",IF('Gap Analysis Checklist'!$E$4:$E$1864='Findings Criteria'!$B$9,'Gap Analysis Checklist'!$J$4:$J$1864&"","")),'Gap Analysis Checklist'!$B$4:$B$1864<>"")} | E4: {=_xlfn._xlws.FILTER('Gap Analysis Checklist'!$E$4:$E$1864&"",'Gap Analysis Checklist'!$B$4:$B$1864<>"")} | F4: {=_xlfn._xlws.FILTER(IF('Gap Analysis Checklist'!$E$4:$E$1864='Findings Criteria'!$B$8,'Gap Analysis Checklist'!$I$4:$I$1864&"",IF('Gap Analysis Checklist'!$E$4:$E$1864='Findings Criteria'!$B$9,'Gap Analysis Checklist'!$K$4:$K$1864&"","")),'Gap Analysis Checklist'!$B$4:$B$1864<>"")} | K4: 0
A5: 2 | K5: 0
A6: 3 | K6: 0
A7: 4 | K7: 0
A8: 5 | K8: 0
A9: 6 | K9: 0
A10: 7 | K10: 0
A11: 8 | K11: 0
A12: 9 | K12: 0
A13: 10 | K13: 0
A14: 11 | K14: 0
A15: 12 | K15: 0
A16: 13 | K16: 0
... A244: 241 | K244: 0
A245: 242
A246: 243

Sheet Sub-Clauses Implementation
C1: Sub-Clauses Implementation
A3: Ref. | B3: Sub-Clause No. | C3: Sub- Clauses | D3: Planned Finish Date | E3: Activity Progress % | F3: Status | G3: Comments
A4: 1 | B4: 4.1 | C4: Understanding the organization and its context | D4: =IF(F4="completed"," ",_xlfn.XLOOKUP(B4,'Gap Analysis Impl. plan'!$B$4:$B$400,'Gap Analysis Impl. plan'!$J$4:$J$400,"No Planned Date")) | E4: =_xlfn.XLOOKUP(B4,'Gap Analysis Impl. plan'!$B$4:$B$400,'Gap Analysis Impl. plan'!$K$4:$K$400," ") | F4: =_xlfn.XLOOKUP(B4,'Gap Analysis Impl. plan'!$B$4:$B$400,'Gap Analysis Impl. plan'!$L$4:$L$400," ")
A5: 2 | B5: 4.2 | C5: Understanding needs and expectations of interested parties | D5: =IF(F5="completed"," ",_xlfn.XLOOKUP(B5,'Gap Analysis Impl. plan'!$B$4:$B$400,'Gap Analysis Impl. plan'!$J$4:$J$400,"No Planned Date")) | E5: =_xlfn.XLOOKUP(B5,'Gap Analysis Impl. plan'!$B$4:$B$400,'Gap Analysis Impl. plan'!$K$4:$K$400," ") | F5: =_xlfn.XLOOKUP(B5,'Gap Analysis Impl. plan'!$B$4:$B$400,'Gap Analysis Impl. plan'!$L$4:$L$400," ")
A6: 3 | B6: 4.3 | C6: Determining the scope of the information security management system | D6: =IF(F6="completed"," ",_xlfn.XLOOKUP(B6,'Gap Analysis Impl. plan'!$B$4:$B$400,'Gap Analysis Impl. plan'!$J$4:$J$400,"No Planned Date")) | E6: =_xlfn.XLOOKUP(B6,'Gap Analysis Impl. plan'!$B$4:$B$400,'Gap Analysis Impl. plan'!$K$4:$K$400," ") | F6: =_xlfn.XLOOKUP(B6,'Gap Analysis Impl. plan'!$B$4:$B$400,'Gap Analysis Impl. plan'!$L$4:$L$400," ")
A7: 4 | B7: 4.4 | C7: Information security management system | D7: =IF(F7="completed"," ",_xlfn.XLOOKUP(B7,'Gap Analysis Impl. plan'!$B$4:$B$400,'Gap Analysis Impl. plan'!$J$4:$J$400,"No Planned Date")) | E7: =_xlfn.XLOOKUP(B7,'Gap Analysis Impl. plan'!$B$4:$B$400,'Gap Analysis Impl. plan'!$K$4:$K$400," ") | F7: =_xlfn.XLOOKUP(B7,'Gap Analysis Impl. plan'!$B$4:$B$400,'Gap Analysis Impl. plan'!$L$4:$L$400," ")
A8: 5 | B8: 5.1 | C8: Leadership and commitment | D8: =IF(F8="completed"," ",_xlfn.XLOOKUP(B8,'Gap Analysis Impl. plan'!$B$4:$B$400,'Gap Analysis Impl. plan'!$J$4:$J$400,"No Planned Date")) | E8: =_xlfn.XLOOKUP(B8,'Gap Analysis Impl. plan'!$B$4:$B$400,'Gap Analysis Impl. plan'!$K$4:$K$400," ") | F8: =_xlfn.XLOOKUP(B8,'Gap Analysis Impl. plan'!$B$4:$B$400,'Gap Analysis Impl. plan'!$L$4:$L$400," ")
A9: 6 | B9: 5.2 | C9: Policy | D9: =IF(F9="completed"," ",_xlfn.XLOOKUP(B9,'Gap Analysis Impl. plan'!$B$4:$B$400,'Gap Analysis Impl. plan'!$J$4:$J$400,"No Planned Date")) | E9: =_xlfn.XLOOKUP(B9,'Gap Analysis Impl. plan'!$B$4:$B$400,'Gap Analysis Impl. plan'!$K$4:$K$400," ") | F9: =_xlfn.XLOOKUP(B9,'Gap Analysis Impl. plan'!$B$4:$B$400,'Gap Analysis Impl. plan'!$L$4:$L$400," ")
A10: 7 | B10: 5.3 | C10: Organizational roles, responsibilities and authorities | D10: =IF(F10="completed"," ",_xlfn.XLOOKUP(B10,'Gap Analysis Impl. plan'!$B$4:$B$400,'Gap Analysis Impl. plan'!$J$4:$J$400,"No Planned Date")) | E10: =_xlfn.XLOOKUP(B10,'Gap Analysis Impl. plan'!$B$4:$B$400,'Gap Analysis Impl. plan'!$K$4:$K$400," ") | F10: =_xlfn.XLOOKUP(B10,'Gap Analysis Impl. plan'!$B$4:$B$400,'Gap Analysis Impl. plan'!$L$4:$L$400," ")
A11: 8 | B11: 6.1 | C11: Actions to address risks and opportunities | D11: =IF(F11="completed"," ",_xlfn.XLOOKUP(B11,'Gap Analysis Impl. plan'!$B$4:$B$400,'Gap Analysis Impl. plan'!$J$4:$J$400,"No Planned Date")) | E11: =_xlfn.XLOOKUP(B11,'Gap Analysis Impl. plan'!$B$4:$B$400,'Gap Analysis Impl. plan'!$K$4:$K$400," ") | F11: =_xlfn.XLOOKUP(B11,'Gap Analysis Impl. plan'!$B$4:$B$400,'Gap Analysis Impl. plan'!$L$4:$L$400," ")
A12: 9 | B12: 6.2 | C12: Information security objectives and planning to achieve them | D12: =IF(F12="completed"," ",_xlfn.XLOOKUP(B12,'Gap Analysis Impl. plan'!$B$4:$B$400,'Gap Analysis Impl. plan'!$J$4:$J$400,"No Planned Date")) | E12: =_xlfn.XLOOKUP(B12,'Gap Analysis Impl. plan'!$B$4:$B$400,'Gap Analysis Impl. plan'!$K$4:$K$400," ") | F12: =_xlfn.XLOOKUP(B12,'Gap Analysis Impl. plan'!$B$4:$B$400,'Gap Analysis Impl. plan'!$L$4:$L$400," ")
A13: 10 | B13: 6.3 | C13: Planning of changes | D13: =IF(F13="completed"," ",_xlfn.XLOOKUP(B13,'Gap Analysis Impl. plan'!$B$4:$B$400,'Gap Analysis Impl. plan'!$J$4:$J$400,"No Planned Date")) | E13: =_xlfn.XLOOKUP(B13,'Gap Analysis Impl. plan'!$B$4:$B$400,'Gap Analysis Impl. plan'!$K$4:$K$400," ") | F13: =_xlfn.XLOOKUP(B13,'Gap Analysis Impl. plan'!$B$4:$B$400,'Gap Analysis Impl. plan'!$L$4:$L$400," ")
A14: 11 | B14: 7.1 | C14: Resources | D14: =IF(F14="completed"," ",_xlfn.XLOOKUP(B14,'Gap Analysis Impl. plan'!$B$4:$B$400,'Gap Analysis Impl. plan'!$J$4:$J$400,"No Planned Date")) | E14: =_xlfn.XLOOKUP(B14,'Gap Analysis Impl. plan'!$B$4:$B$400,'Gap Analysis Impl. plan'!$K$4:$K$400," ") | F14: =_xlfn.XLOOKUP(B14,'Gap Analysis Impl. plan'!$B$4:$B$400,'Gap Analysis Impl. plan'!$L$4:$L$400," ")
A15: 12 | B15: 7.2 | C15: Competence | D15: =IF(F15="completed"," ",_xlfn.XLOOKUP(B15,'Gap Analysis Impl. plan'!$B$4:$B$400,'Gap Analysis Impl. plan'!$J$4:$J$400,"No Planned Date")) | E15: =_xlfn.XLOOKUP(B15,'Gap Analysis Impl. plan'!$B$4:$B$400,'Gap Analysis Impl. plan'!$K$4:$K$400," ") | F15: =_xlfn.XLOOKUP(B15,'Gap Analysis Impl. plan'!$B$4:$B$400,'Gap Analysis Impl. plan'!$L$4:$L$400," ")
... A26: 23 | B26: 10.2 | C26: Nonconformity and corrective action | D26: =IF(F26="completed"," ",_xlfn.XLOOKUP(B26,'Gap Analysis Impl. plan'!$B$4:$B$400,'Gap Analysis Impl. plan'!$J$4:$J$400,"No Planned Date")) | E26: =_xlfn.XLOOKUP(B26,'Gap Analysis Impl. plan'!$B$4:$B$400,'Gap Analysis Impl. plan'!$K$4:$K$400," ") | F26: =_xlfn.XLOOKUP(B26,'Gap Analysis Impl. plan'!$B$4:$B$400,'Gap Analysis Impl. plan'!$L$4:$L$400," ")
A27: 24 | B27: Annex A.5 | C27: Organizational controls | D27: =IF(F27="completed"," ",_xlfn.XLOOKUP(B27,'Gap Analysis Impl. plan'!$B$4:$B$400,'Gap Analysis Impl. plan'!$J$4:$J$400,"No Planned Date")) | E27: =_xlfn.XLOOKUP(B27,'Gap Analysis Impl. plan'!$B$4:$B$400,'Gap Analysis Impl. plan'!$K$4:$K$400," ") | F27: =_xlfn.XLOOKUP(B27,'Gap Analysis Impl. plan'!$B$4:$B$400,'Gap Analysis Impl. plan'!$L$4:$L$400," ")
A28: 25 | B28: Annex A.6 | C28: People controls | D28: =IF(F28="completed"," ",_xlfn.XLOOKUP(B28,'Gap Analysis Impl. plan'!$B$4:$B$400,'Gap Analysis Impl. plan'!$J$4:$J$400,"No Planned Date")) | E28: =_xlfn.XLOOKUP(B28,'Gap Analysis Impl. plan'!$B$4:$B$400,'Gap Analysis Impl. plan'!$K$4:$K$400," ") | F28: =_xlfn.XLOOKUP(B28,'Gap Analysis Impl. plan'!$B$4:$B$400,'Gap Analysis Impl. plan'!$L$4:$L$400," ")
A29: 26 | B29: Annex A.7 | C29: Physical controls | D29: =IF(F29="completed"," ",_xlfn.XLOOKUP(B29,'Gap Analysis Impl. plan'!$B$4:$B$400,'Gap Analysis Impl. plan'!$J$4:$J$400,"No Planned Date")) | E29: =_xlfn.XLOOKUP(B29,'Gap Analysis Impl. plan'!$B$4:$B$400,'Gap Analysis Impl. plan'!$K$4:$K$400," ") | F29: =_xlfn.XLOOKUP(B29,'Gap Analysis Impl. plan'!$B$4:$B$400,'Gap Analysis Impl. plan'!$L$4:$L$400," ")
A30: 27 | B30: Annex A.8 | C30: Technological controls | D30: =IF(F30="completed"," ",_xlfn.XLOOKUP(B30,'Gap Analysis Impl. plan'!$B$4:$B$400,'Gap Analysis Impl. plan'!$J$4:$J$400,"No Planned Date")) | E30: =_xlfn.XLOOKUP(B30,'Gap Analysis Impl. plan'!$B$4:$B$400,'Gap Analysis Impl. plan'!$K$4:$K$400," ") | F30: =_xlfn.XLOOKUP(B30,'Gap Analysis Impl. plan'!$B$4:$B$400,'Gap Analysis Impl. plan'!$L$4:$L$400," ")

Sheet Main Clauses Implementation
C1: Main Clauses Implementation
A3: Ref. | B3: Clause No. | C3: Main Clauses | D3: Planned Finish Date | E3: Activity Progress % | F3: Status | G3: Comments
A4: 1 | B4: 4 | C4: 4. Context | D4: {=IF(F4="Completed"," ",IF(MAX(_xlfn._xlws.FILTER('Sub-Clauses Implementation'!$D$4:$D$26,VALUE(_xlfn.TEXTBEFORE('Sub-Clauses Implementation'!$B$4:$B$26,"."))=B4," "))=0," ",MAX(_xlfn._xlws.FILTER('Sub-Clauses Implementation'!$D$4:$D$26,VALUE(_xlfn.TEXTBEFORE('Sub-Clauses Implementation'!$B$4:$B$26,"."))=B4," "))))} -> 0 | E4: {=AVERAGE(_xlfn._xlws.FILTER('Sub-Clauses Implementation'!$E$4:E$26,VALUE(_xlfn.TEXTBEFORE('Sub-Clauses Implementation'!$B$4:$B$26,"."))=B4," "))} -> 0 | F4: =_xlfn.XLOOKUP(B4,'Gap Analysis Impl. plan'!$B$4:$B$400,'Gap Analysis Impl. plan'!$L$4:$L$400," ") -> 0
A5: 2 | B5: 5 | C5: 5. Leadership | D5: {=IF(F5="Completed"," ",IF(MAX(_xlfn._xlws.FILTER('Sub-Clauses Implementation'!$D$4:$D$26,VALUE(_xlfn.TEXTBEFORE('Sub-Clauses Implementation'!$B$4:$B$26,"."))=B5," "))=0," ",MAX(_xlfn._xlws.FILTER('Sub-Clauses Implementation'!$D$4:$D$26,VALUE(_xlfn.TEXTBEFORE('Sub-Clauses Implementation'!$B$4:$B$26,"."))=B5," "))))} -> 0 | E5: {=AVERAGE(_xlfn._xlws.FILTER('Sub-Clauses Implementation'!$E$4:E$26,VALUE(_xlfn.TEXTBEFORE('Sub-Clauses Implementation'!$B$4:$B$26,"."))=B5," "))} -> 0 | F5: =_xlfn.XLOOKUP(B5,'Gap Analysis Impl. plan'!$B$4:$B$400,'Gap Analysis Impl. plan'!$L$4:$L$400," ") -> 0
A6: 3 | B6: 6 | C6: 6. Planning | D6: {=IF(F6="Completed"," ",IF(MAX(_xlfn._xlws.FILTER('Sub-Clauses Implementation'!$D$4:$D$26,VALUE(_xlfn.TEXTBEFORE('Sub-Clauses Implementation'!$B$4:$B$26,"."))=B6," "))=0," ",MAX(_xlfn._xlws.FILTER('Sub-Clauses Implementation'!$D$4:$D$26,VALUE(_xlfn.TEXTBEFORE('Sub-Clauses Implementation'!$B$4:$B$26,"."))=B6," "))))} -> 0 | E6: {=AVERAGE(_xlfn._xlws.FILTER('Sub-Clauses Implementation'!$E$4:E$26,VALUE(_xlfn.TEXTBEFORE('Sub-Clauses Implementation'!$B$4:$B$26,"."))=B6," "))} -> 0 | F6: =_xlfn.XLOOKUP(B6,'Gap Analysis Impl. plan'!$B$4:$B$400,'Gap Analysis Impl. plan'!$L$4:$L$400," ") -> 0
A7: 4 | B7: 7 | C7: 7. Support | D7: {=IF(F7="Completed"," ",IF(MAX(_xlfn._xlws.FILTER('Sub-Clauses Implementation'!$D$4:$D$26,VALUE(_xlfn.TEXTBEFORE('Sub-Clauses Implementation'!$B$4:$B$26,"."))=B7," "))=0," ",MAX(_xlfn._xlws.FILTER('Sub-Clauses Implementation'!$D$4:$D$26,VALUE(_xlfn.TEXTBEFORE('Sub-Clauses Implementation'!$B$4:$B$26,"."))=B7," "))))} -> 0 | E7: {=AVERAGE(_xlfn._xlws.FILTER('Sub-Clauses Implementation'!$E$4:E$26,VALUE(_xlfn.TEXTBEFORE('Sub-Clauses Implementation'!$B$4:$B$26,"."))=B7," "))} -> 0 | F7: =_xlfn.XLOOKUP(B7,'Gap Analysis Impl. plan'!$B$4:$B$400,'Gap Analysis Impl. plan'!$L$4:$L$400," ") -> 0
A8: 5 | B8: 8 | C8: 8. Operation | D8: {=IF(F8="Completed"," ",IF(MAX(_xlfn._xlws.FILTER('Sub-Clauses Implementation'!$D$4:$D$26,VALUE(_xlfn.TEXTBEFORE('Sub-Clauses Implementation'!$B$4:$B$26,"."))=B8," "))=0," ",MAX(_xlfn._xlws.FILTER('Sub-Clauses Implementation'!$D$4:$D$26,VALUE(_xlfn.TEXTBEFORE('Sub-Clauses Implementation'!$B$4:$B$26,"."))=B8," "))))} -> 0 | E8: {=AVERAGE(_xlfn._xlws.FILTER('Sub-Clauses Implementation'!$E$4:E$26,VALUE(_xlfn.TEXTBEFORE('Sub-Clauses Implementation'!$B$4:$B$26,"."))=B8," "))} -> 0 | F8: =_xlfn.XLOOKUP(B8,'Gap Analysis Impl. plan'!$B$4:$B$400,'Gap Analysis Impl. plan'!$L$4:$L$400," ") -> 0
A9: 6 | B9: 9 | C9: 9. Evaluation | D9: {=IF(F9="Completed"," ",IF(MAX(_xlfn._xlws.FILTER('Sub-Clauses Implementation'!$D$4:$D$26,VALUE(_xlfn.TEXTBEFORE('Sub-Clauses Implementation'!$B$4:$B$26,"."))=B9," "))=0," ",MAX(_xlfn._xlws.FILTER('Sub-Clauses Implementation'!$D$4:$D$26,VALUE(_xlfn.TEXTBEFORE('Sub-Clauses Implementation'!$B$4:$B$26,"."))=B9," "))))} -> 0 | E9: {=AVERAGE(_xlfn._xlws.FILTER('Sub-Clauses Implementation'!$E$4:E$26,VALUE(_xlfn.TEXTBEFORE('Sub-Clauses Implementation'!$B$4:$B$26,"."))=B9," "))} -> 0 | F9: =_xlfn.XLOOKUP(B9,'Gap Analysis Impl. plan'!$B$4:$B$400,'Gap Analysis Impl. plan'!$L$4:$L$400," ") -> 0
A10: 7 | B10: 10 | C10: 10. Improvement | D10: {=IF(F10="Completed"," ",IF(MAX(_xlfn._xlws.FILTER('Sub-Clauses Implementation'!$D$4:$D$26,VALUE(_xlfn.TEXTBEFORE('Sub-Clauses Implementation'!$B$4:$B$26,"."))=B10," "))=0," ",MAX(_xlfn._xlws.FILTER('Sub-Clauses Implementation'!$D$4:$D$26,VALUE(_xlfn.TEXTBEFORE('Sub-Clauses Implementation'!$B$4:$B$26,"."))=B10," "))))} -> 0 | E10: {=AVERAGE(_xlfn._xlws.FILTER('Sub-Clauses Implementation'!$E$4:E$26,VALUE(_xlfn.TEXTBEFORE('Sub-Clauses Implementation'!$B$4:$B$26,"."))=B10," "))} -> 0 | F10: =_xlfn.XLOOKUP(B10,'Gap Analysis Impl. plan'!$B$4:$B$400,'Gap Analysis Impl. plan'!$L$4:$L$400," ") -> 0
A11: 8 | B11: Annex A. | C11: Annex A. Controls | D11: {=IF(F11="Completed"," ",IF(MAX(_xlfn._xlws.FILTER('Sub-Clauses Implementation'!$D$27:$D$30,VALUE(_xlfn.TEXTAFTER('Sub-Clauses Implementation'!$B$27:$B$30,"A."))))=0," ",MAX(_xlfn._xlws.FILTER('Sub-Clauses Implementation'!$D$27:$D$30,VALUE(_xlfn.TEXTAFTER('Sub-Clauses Implementation'!$B$27:$B$30,"A."))))))} -> 0 | E11: {=AVERAGE(_xlfn._xlws.FILTER('Sub-Clauses Implementation'!$E$27:E$30,VALUE(_xlfn.TEXTAFTER('Sub-Clauses Implementation'!$B$27:$B$30,"A."))))} -> 0 | F11: =_xlfn.XLOOKUP(B11,'Gap Analysis Impl. plan'!$B$4:$B$400,'Gap Analysis Impl. plan'!$L$4:$L$400," ") -> 0

Sheet Implementation Progress Charts 
B1: Implementation Progress- Charts

Sheet Transition (N-A, historical)
A1: Transition (not applicable)
A3: This sheet exists only to keep the MSM gap analysis tool family structure.
A4: The transition from ISO/IEC 27001:2013 to ISO/IEC 27001:2022 closed in October 2025.
A5: It is historical, not used in a new ISO/IEC 27001:2022 implementation, and excluded from all progress calculations.
